datetime,actual,forecast_d1,forecast_d,foccsi_delnet,lambda,error,squared_error
2024-05-15T01:00:00Z,0,0,0,NA,NA,NA,NA
2024-05-15T01:15:00Z,0,0,0,NA,NA,NA,NA
2024-05-15T01:30:00Z,0,0,0,NA,NA,NA,NA
2024-05-15T01:45:00Z,0,0,0,NA,NA,NA,NA
2024-05-15T02:00:00Z,0,0,0,NA,NA,NA,NA
2024-05-15T02:15:00Z,0,0,0,NA,NA,NA,NA
2024-05-15T02:30:00Z,0,0,0,NA,NA,NA,NA
2024-05-15T02:45:00Z,0,0,0,NA,NA,NA,NA
2024-05-15T03:00:00Z,0,0,0,NA,NA,NA,NA
2024-05-15T03:15:00Z,0,0,0,NA,NA,NA,NA
2024-05-15T03:30:00Z,0,0,0,NA,NA,NA,NA
2024-05-15T03:45:00Z,0,0,0,NA,NA,NA,NA
2024-05-15T04:00:00Z,0,0,0,NA,NA,NA,NA
2024-05-15T04:15:00Z,0,0,0,NA,NA,NA,NA
2024-05-15T04:30:00Z,0,0,0,NA,NA,NA,NA
2024-05-15T04:45:00Z,0,0,0,NA,NA,NA,NA
2024-05-15T05:00:00Z,0,0,0,NA,NA,NA,NA
2024-05-15T05:15:00Z,0,0,0,NA,NA,NA,NA
2024-05-15T05:30:00Z,0,0,0,NA,NA,NA,NA
2024-05-15T05:45:00Z,30,3,0,NA,NA,NA,NA
2024-05-15T06:00:00Z,80,4,0,NA,NA,NA,NA
2024-05-15T06:15:00Z,130,71,0,NA,NA,NA,NA
2024-05-15T06:30:00Z,200,136,0,NA,NA,NA,NA
2024-05-15T06:45:00Z,310,202,30,NA,NA,NA,NA
2024-05-15T07:00:00Z,450,269,80,NA,NA,NA,NA
2024-05-15T07:15:00Z,630,373,130,NA,NA,NA,NA
2024-05-15T07:30:00Z,820,479,200,NA,NA,NA,NA
2024-05-15T07:45:00Z,990,585,310,NA,NA,NA,NA
2024-05-15T08:00:00Z,1280,691,450,NA,NA,NA,NA
2024-05-15T08:15:00Z,1520,854,630,NA,NA,NA,NA
2024-05-15T08:30:00Z,1770,1018,820,NA,NA,NA,NA
2024-05-15T08:45:00Z,1990,1182,990,NA,NA,NA,NA
2024-05-15T09:00:00Z,2210,1347,1280,NA,NA,NA,NA
2024-05-15T09:15:00Z,2390,1535,1520,NA,NA,NA,NA
2024-05-15T09:30:00Z,2600,1721,1770,NA,NA,NA,NA
2024-05-15T09:45:00Z,2760,1911,1990,NA,NA,NA,NA
2024-05-15T10:00:00Z,2870,2097,2210,NA,NA,NA,NA
2024-05-15T10:15:00Z,3060,2270,2390,NA,NA,NA,NA
2024-05-15T10:30:00Z,3270,2439,2600,NA,NA,NA,NA
2024-05-15T10:45:00Z,3390,2610,2760,NA,NA,NA,NA
2024-05-15T11:00:00Z,2540,2784,2870,NA,NA,NA,NA
2024-05-15T11:15:00Z,2630,2857,3060,NA,NA,NA,NA
2024-05-15T11:30:00Z,2630,2932,3270,NA,NA,NA,NA
2024-05-15T11:45:00Z,2720,3009,3390,NA,NA,NA,NA
2024-05-15T12:00:00Z,2720,3082,2540,NA,NA,NA,NA
2024-05-15T12:15:00Z,2750,3161,2630,NA,NA,NA,NA
2024-05-15T12:30:00Z,2720,3243,2630,NA,NA,NA,NA
2024-05-15T12:45:00Z,2670,3324,2720,NA,NA,NA,NA
2024-05-15T13:00:00Z,2740,3406,2720,NA,NA,NA,NA
2024-05-15T13:15:00Z,2840,3439,2750,NA,NA,NA,NA
2024-05-15T13:30:00Z,2700,3469,2720,NA,NA,NA,NA
2024-05-15T13:45:00Z,2540,3499,2670,NA,NA,NA,NA
2024-05-15T14:00:00Z,2590,3532,2740,NA,NA,NA,NA
2024-05-15T14:15:00Z,2560,3306,2840,NA,NA,NA,NA
2024-05-15T14:30:00Z,2550,3081,2700,NA,NA,NA,NA
2024-05-15T14:45:00Z,2520,2859,2540,NA,NA,NA,NA
2024-05-15T15:00:00Z,1770,2634,2590,NA,NA,NA,NA
2024-05-15T15:15:00Z,1630,2578,2560,NA,NA,NA,NA
2024-05-15T15:30:00Z,1460,2518,2550,NA,NA,NA,NA
2024-05-15T15:45:00Z,1080,2462,2520,NA,NA,NA,NA
2024-05-15T16:00:00Z,880,2402,1770,NA,NA,NA,NA
2024-05-15T16:15:00Z,890,2312,1630,NA,NA,NA,NA
2024-05-15T16:30:00Z,740,2220,1460,NA,NA,NA,NA
2024-05-15T16:45:00Z,680,2127,1080,NA,NA,NA,NA
2024-05-15T17:00:00Z,790,2036,880,NA,NA,NA,NA
2024-05-15T17:15:00Z,840,1849,890,NA,NA,NA,NA
2024-05-15T17:30:00Z,730,1666,740,NA,NA,NA,NA
2024-05-15T17:45:00Z,680,1478,680,NA,NA,NA,NA
2024-05-15T18:00:00Z,1170,1291,790,NA,NA,NA,NA
2024-05-15T18:15:00Z,1100,1186,840,NA,NA,NA,NA
2024-05-15T18:30:00Z,1000,1083,730,NA,NA,NA,NA
2024-05-15T18:45:00Z,790,979,680,NA,NA,NA,NA
2024-05-15T19:00:00Z,740,875,1170,NA,NA,NA,NA
2024-05-15T19:15:00Z,570,782,1100,NA,NA,NA,NA
2024-05-15T19:30:00Z,510,688,1000,NA,NA,NA,NA
2024-05-15T19:45:00Z,400,595,790,NA,NA,NA,NA
2024-05-15T20:00:00Z,320,499,740,NA,NA,NA,NA
2024-05-15T20:15:00Z,180,432,570,NA,NA,NA,NA
2024-05-15T20:30:00Z,130,364,510,NA,NA,NA,NA
2024-05-15T20:45:00Z,80,295,400,NA,NA,NA,NA
2024-05-15T21:00:00Z,30,225,320,NA,NA,NA,NA
2024-05-15T21:15:00Z,0,172,180,NA,NA,NA,NA
2024-05-15T21:30:00Z,0,117,130,NA,NA,NA,NA
2024-05-15T21:45:00Z,0,65,80,NA,NA,NA,NA
2024-05-15T22:00:00Z,0,9,30,NA,NA,NA,NA
2024-05-15T22:15:00Z,0,6,0,NA,NA,NA,NA
2024-05-15T22:30:00Z,0,3,0,NA,NA,NA,NA
2024-05-15T22:45:00Z,0,1,0,NA,NA,NA,NA
2024-05-15T23:00:00Z,0,0,0,NA,NA,NA,NA
2024-05-15T23:15:00Z,0,0,0,NA,NA,NA,NA
2024-05-15T23:30:00Z,0,0,0,NA,NA,NA,NA
2024-05-15T23:45:00Z,0,0,0,NA,NA,NA,NA
2024-05-16T00:00:00Z,0,0,0,NA,NA,NA,NA
2024-05-16T00:15:00Z,0,0,0,NA,NA,NA,NA
2024-05-16T00:30:00Z,0,0,0,NA,NA,NA,NA
2024-05-16T00:45:00Z,0,0,0,NA,NA,NA,NA
2024-05-16T01:00:00Z,0,0,0,NA,NA,NA,NA
2024-05-16T01:15:00Z,0,0,0,NA,NA,NA,NA
2024-05-16T01:30:00Z,0,0,0,NA,NA,NA,NA
2024-05-16T01:45:00Z,0,0,0,NA,NA,NA,NA
2024-05-16T02:00:00Z,0,0,0,NA,NA,NA,NA
2024-05-16T02:15:00Z,0,0,0,NA,NA,NA,NA
2024-05-16T02:30:00Z,0,0,0,NA,NA,NA,NA
2024-05-16T02:45:00Z,0,0,0,NA,NA,NA,NA
2024-05-16T03:00:00Z,0,0,0,NA,NA,NA,NA
2024-05-16T03:15:00Z,0,0,0,NA,NA,NA,NA
2024-05-16T03:30:00Z,0,0,0,NA,NA,NA,NA
2024-05-16T03:45:00Z,0,0,0,NA,NA,NA,NA
2024-05-16T04:00:00Z,0,0,0,NA,NA,NA,NA
2024-05-16T04:15:00Z,0,0,0,NA,NA,NA,NA
2024-05-16T04:30:00Z,0,0,0,NA,NA,NA,NA
2024-05-16T04:45:00Z,0,0,0,NA,NA,NA,NA
2024-05-16T05:00:00Z,0,0,0,NA,NA,NA,NA
2024-05-16T05:15:00Z,0,0,0,NA,NA,NA,NA
2024-05-16T05:30:00Z,20,0,0,NA,NA,NA,NA
2024-05-16T05:45:00Z,70,0,0,NA,NA,NA,NA
2024-05-16T06:00:00Z,120,4,0,NA,NA,NA,NA
2024-05-16T06:15:00Z,180,44,0,NA,NA,NA,NA
2024-05-16T06:30:00Z,260,82,20,NA,NA,NA,NA
2024-05-16T06:45:00Z,360,122,70,NA,NA,NA,NA
2024-05-16T07:00:00Z,480,160,120,NA,NA,NA,NA
2024-05-16T07:15:00Z,630,222,180,NA,NA,NA,NA
2024-05-16T07:30:00Z,820,285,260,NA,NA,NA,NA
2024-05-16T07:45:00Z,950,344,360,NA,NA,NA,NA
2024-05-16T08:00:00Z,1120,404,480,NA,NA,NA,NA
2024-05-16T08:15:00Z,1350,588,630,NA,NA,NA,NA
2024-05-16T08:30:00Z,1310,770,820,NA,NA,NA,NA
2024-05-16T08:45:00Z,1290,954,950,NA,NA,NA,NA
2024-05-16T09:00:00Z,1420,1137,1120,NA,NA,NA,NA
2024-05-16T09:15:00Z,1660,1289,1350,NA,NA,NA,NA
2024-05-16T09:30:00Z,1810,1442,1310,NA,NA,NA,NA
2024-05-16T09:45:00Z,1800,1592,1290,NA,NA,NA,NA
2024-05-16T10:00:00Z,1960,1745,1420,NA,NA,NA,NA
2024-05-16T10:15:00Z,2380,1883,1660,NA,NA,NA,NA
2024-05-16T10:30:00Z,2690,2023,1810,NA,NA,NA,NA
2024-05-16T10:45:00Z,2900,2166,1800,NA,NA,NA,NA
2024-05-16T11:00:00Z,2470,2304,1960,NA,NA,NA,NA
2024-05-16T11:15:00Z,2510,2498,2380,NA,NA,NA,NA
2024-05-16T11:30:00Z,1660,2688,2690,NA,NA,NA,NA
2024-05-16T11:45:00Z,1160,2879,2900,NA,NA,NA,NA
2024-05-16T12:00:00Z,1100,3072,2470,NA,NA,NA,NA
2024-05-16T12:15:00Z,1250,3153,2510,NA,NA,NA,NA
2024-05-16T12:30:00Z,1350,3234,1660,NA,NA,NA,NA
2024-05-16T12:45:00Z,1460,3316,1160,NA,NA,NA,NA
2024-05-16T13:00:00Z,1410,3396,1100,NA,NA,NA,NA
2024-05-16T13:15:00Z,1470,3425,1250,NA,NA,NA,NA
2024-05-16T13:30:00Z,1400,3459,1350,NA,NA,NA,NA
2024-05-16T13:45:00Z,1180,3488,1460,NA,NA,NA,NA
2024-05-16T14:00:00Z,1170,3519,1410,NA,NA,NA,NA
2024-05-16T14:15:00Z,1100,3264,1470,NA,NA,NA,NA
2024-05-16T14:30:00Z,1230,3012,1400,NA,NA,NA,NA
2024-05-16T14:45:00Z,1010,2759,1180,NA,NA,NA,NA
2024-05-16T15:00:00Z,860,2504,1170,NA,NA,NA,NA
2024-05-16T15:15:00Z,890,2451,1100,NA,NA,NA,NA
2024-05-16T15:30:00Z,920,2394,1230,NA,NA,NA,NA
2024-05-16T15:45:00Z,870,2340,1010,NA,NA,NA,NA
2024-05-16T16:00:00Z,930,2285,860,NA,NA,NA,NA
2024-05-16T16:15:00Z,1070,2195,890,NA,NA,NA,NA
2024-05-16T16:30:00Z,1010,2109,920,NA,NA,NA,NA
2024-05-16T16:45:00Z,780,2021,870,NA,NA,NA,NA
2024-05-16T17:00:00Z,800,1934,930,NA,NA,NA,NA
2024-05-16T17:15:00Z,700,1807,1070,NA,NA,NA,NA
2024-05-16T17:30:00Z,640,1684,1010,NA,NA,NA,NA
2024-05-16T17:45:00Z,520,1560,780,NA,NA,NA,NA
2024-05-16T18:00:00Z,500,1436,800,NA,NA,NA,NA
2024-05-16T18:15:00Z,550,1320,700,NA,NA,NA,NA
2024-05-16T18:30:00Z,380,1204,640,NA,NA,NA,NA
2024-05-16T18:45:00Z,310,1089,520,NA,NA,NA,NA
2024-05-16T19:00:00Z,220,974,500,NA,NA,NA,NA
2024-05-16T19:15:00Z,170,870,550,NA,NA,NA,NA
2024-05-16T19:30:00Z,100,768,380,NA,NA,NA,NA
2024-05-16T19:45:00Z,120,666,310,NA,NA,NA,NA
2024-05-16T20:00:00Z,80,561,220,NA,NA,NA,NA
2024-05-16T20:15:00Z,30,477,170,NA,NA,NA,NA
2024-05-16T20:30:00Z,20,390,100,NA,NA,NA,NA
2024-05-16T20:45:00Z,10,303,120,NA,NA,NA,NA
2024-05-16T21:00:00Z,0,219,80,NA,NA,NA,NA
2024-05-16T21:15:00Z,0,167,30,NA,NA,NA,NA
2024-05-16T21:30:00Z,0,113,20,NA,NA,NA,NA
2024-05-16T21:45:00Z,0,62,10,NA,NA,NA,NA
2024-05-16T22:00:00Z,0,8,0,NA,NA,NA,NA
2024-05-16T22:15:00Z,0,6,0,NA,NA,NA,NA
2024-05-16T22:30:00Z,0,4,0,NA,NA,NA,NA
2024-05-16T22:45:00Z,0,1,0,NA,NA,NA,NA
2024-05-16T23:00:00Z,0,0,0,NA,NA,NA,NA
2024-05-16T23:15:00Z,0,0,0,NA,NA,NA,NA
2024-05-16T23:30:00Z,0,0,0,NA,NA,NA,NA
2024-05-16T23:45:00Z,0,0,0,NA,NA,NA,NA
2024-05-17T00:00:00Z,0,0,0,NA,NA,NA,NA
2024-05-17T00:15:00Z,0,0,0,NA,NA,NA,NA
2024-05-17T00:30:00Z,0,0,0,NA,NA,NA,NA
2024-05-17T00:45:00Z,0,0,0,NA,NA,NA,NA
2024-05-17T01:00:00Z,0,0,0,NA,NA,NA,NA
2024-05-17T01:15:00Z,0,0,0,NA,NA,NA,NA
2024-05-17T01:30:00Z,0,0,0,NA,NA,NA,NA
2024-05-17T01:45:00Z,0,0,0,NA,NA,NA,NA
2024-05-17T02:00:00Z,0,0,0,NA,NA,NA,NA
2024-05-17T02:15:00Z,0,0,0,NA,NA,NA,NA
2024-05-17T02:30:00Z,0,0,0,NA,NA,NA,NA
2024-05-17T02:45:00Z,0,0,0,NA,NA,NA,NA
2024-05-17T03:00:00Z,0,0,0,NA,NA,NA,NA
2024-05-17T03:15:00Z,0,0,0,NA,NA,NA,NA
2024-05-17T03:30:00Z,0,0,0,NA,NA,NA,NA
2024-05-17T03:45:00Z,0,0,0,NA,NA,NA,NA
2024-05-17T04:00:00Z,0,0,0,NA,NA,NA,NA
2024-05-17T04:15:00Z,0,0,0,NA,NA,NA,NA
2024-05-17T04:30:00Z,0,0,0,NA,NA,NA,NA
2024-05-17T04:45:00Z,0,0,0,NA,NA,NA,NA
2024-05-17T05:00:00Z,0,0,0,NA,NA,NA,NA
2024-05-17T05:15:00Z,0,0,0,NA,NA,NA,NA
2024-05-17T05:30:00Z,10,0,0,NA,NA,NA,NA
2024-05-17T05:45:00Z,50,3,0,NA,NA,NA,NA
2024-05-17T06:00:00Z,100,6,0,NA,NA,NA,NA
2024-05-17T06:15:00Z,170,63,0,NA,NA,NA,NA
2024-05-17T06:30:00Z,250,121,10,NA,NA,NA,NA
2024-05-17T06:45:00Z,360,179,50,NA,NA,NA,NA
2024-05-17T07:00:00Z,390,236,100,NA,NA,NA,NA
2024-05-17T07:15:00Z,510,326,170,NA,NA,NA,NA
2024-05-17T07:30:00Z,530,413,250,NA,NA,NA,NA
2024-05-17T07:45:00Z,640,502,360,NA,NA,NA,NA
2024-05-17T08:00:00Z,900,592,390,NA,NA,NA,NA
2024-05-17T08:15:00Z,1230,735,510,NA,NA,NA,NA
2024-05-17T08:30:00Z,1470,878,530,NA,NA,NA,NA
2024-05-17T08:45:00Z,1580,1024,640,NA,NA,NA,NA
2024-05-17T09:00:00Z,1720,1165,900,NA,NA,NA,NA
2024-05-17T09:15:00Z,1950,1321,1230,NA,NA,NA,NA
2024-05-17T09:30:00Z,2360,1473,1470,NA,NA,NA,NA
2024-05-17T09:45:00Z,2530,1628,1580,NA,NA,NA,NA
2024-05-17T10:00:00Z,2660,1781,1720,NA,NA,NA,NA
2024-05-17T10:15:00Z,2930,1923,1950,NA,NA,NA,NA
2024-05-17T10:30:00Z,3000,2068,2360,NA,NA,NA,NA
2024-05-17T10:45:00Z,2990,2211,2530,NA,NA,NA,NA
2024-05-17T11:00:00Z,3120,2354,2660,NA,NA,NA,NA
2024-05-17T11:15:00Z,3320,2325,2930,NA,NA,NA,NA
2024-05-17T11:30:00Z,3470,2293,3000,NA,NA,NA,NA
2024-05-17T11:45:00Z,3440,2260,2990,NA,NA,NA,NA
2024-05-17T12:00:00Z,3390,2229,3120,NA,NA,NA,NA
2024-05-17T12:15:00Z,3440,2289,3320,NA,NA,NA,NA
2024-05-17T12:30:00Z,3350,2350,3470,NA,NA,NA,NA
2024-05-17T12:45:00Z,3420,2410,3440,NA,NA,NA,NA
2024-05-17T13:00:00Z,2780,2472,3390,NA,NA,NA,NA
2024-05-17T13:15:00Z,2910,2495,3440,NA,NA,NA,NA
2024-05-17T13:30:00Z,2850,2519,3350,NA,NA,NA,NA
2024-05-17T13:45:00Z,2560,2541,3420,NA,NA,NA,NA
2024-05-17T14:00:00Z,2930,2566,2780,NA,NA,NA,NA
2024-05-17T14:15:00Z,2660,2305,2910,NA,NA,NA,NA
2024-05-17T14:30:00Z,2670,2045,2850,NA,NA,NA,NA
2024-05-17T14:45:00Z,2280,1782,2560,NA,NA,NA,NA
2024-05-17T15:00:00Z,2140,1523,2930,NA,NA,NA,NA
2024-05-17T15:15:00Z,1930,1489,2660,NA,NA,NA,NA
2024-05-17T15:30:00Z,1790,1454,2670,NA,NA,NA,NA
2024-05-17T15:45:00Z,1220,1422,2280,NA,NA,NA,NA
2024-05-17T16:00:00Z,1150,1386,2140,NA,NA,NA,NA
2024-05-17T16:15:00Z,1370,1335,1930,NA,NA,NA,NA
2024-05-17T16:30:00Z,1330,1281,1790,NA,NA,NA,NA
2024-05-17T16:45:00Z,1060,1229,1220,NA,NA,NA,NA
2024-05-17T17:00:00Z,1080,1175,1150,NA,NA,NA,NA
2024-05-17T17:15:00Z,1220,998,1370,NA,NA,NA,NA
2024-05-17T17:30:00Z,950,822,1330,NA,NA,NA,NA
2024-05-17T17:45:00Z,740,644,1060,NA,NA,NA,NA
2024-05-17T18:00:00Z,650,467,1080,NA,NA,NA,NA
2024-05-17T18:15:00Z,580,433,1220,NA,NA,NA,NA
2024-05-17T18:30:00Z,560,399,950,NA,NA,NA,NA
2024-05-17T18:45:00Z,450,365,740,NA,NA,NA,NA
2024-05-17T19:00:00Z,400,328,650,NA,NA,NA,NA
2024-05-17T19:15:00Z,330,296,580,NA,NA,NA,NA
2024-05-17T19:30:00Z,290,262,560,NA,NA,NA,NA
2024-05-17T19:45:00Z,250,230,450,NA,NA,NA,NA
2024-05-17T20:00:00Z,230,198,400,NA,NA,NA,NA
2024-05-17T20:15:00Z,170,173,330,NA,NA,NA,NA
2024-05-17T20:30:00Z,110,151,290,NA,NA,NA,NA
2024-05-17T20:45:00Z,50,126,250,NA,NA,NA,NA
2024-05-17T21:00:00Z,20,105,230,NA,NA,NA,NA
2024-05-17T21:15:00Z,0,79,170,NA,NA,NA,NA
2024-05-17T21:30:00Z,0,54,110,NA,NA,NA,NA
2024-05-17T21:45:00Z,0,29,50,NA,NA,NA,NA
2024-05-17T22:00:00Z,0,5,20,NA,NA,NA,NA
2024-05-17T22:15:00Z,0,2,0,NA,NA,NA,NA
2024-05-17T22:30:00Z,0,0,0,NA,NA,NA,NA
2024-05-17T22:45:00Z,0,0,0,NA,NA,NA,NA
2024-05-17T23:00:00Z,0,0,0,NA,NA,NA,NA
2024-05-17T23:15:00Z,0,0,0,NA,NA,NA,NA
2024-05-17T23:30:00Z,0,0,0,NA,NA,NA,NA
2024-05-17T23:45:00Z,0,0,0,NA,NA,NA,NA
2024-05-18T00:00:00Z,0,0,0,NA,NA,NA,NA
2024-05-18T00:15:00Z,0,0,0,NA,NA,NA,NA
2024-05-18T00:30:00Z,0,0,0,NA,NA,NA,NA
2024-05-18T00:45:00Z,0,0,0,NA,NA,NA,NA
2024-05-18T01:00:00Z,0,0,0,NA,NA,NA,NA
2024-05-18T01:15:00Z,0,0,0,NA,NA,NA,NA
2024-05-18T01:30:00Z,0,0,0,NA,NA,NA,NA
2024-05-18T01:45:00Z,0,0,0,NA,NA,NA,NA
2024-05-18T02:00:00Z,0,0,0,NA,NA,NA,NA
2024-05-18T02:15:00Z,0,0,0,NA,NA,NA,NA
2024-05-18T02:30:00Z,0,0,0,NA,NA,NA,NA
2024-05-18T02:45:00Z,0,0,0,NA,NA,NA,NA
2024-05-18T03:00:00Z,0,0,0,NA,NA,NA,NA
2024-05-18T03:15:00Z,0,0,0,NA,NA,NA,NA
2024-05-18T03:30:00Z,0,0,0,NA,NA,NA,NA
2024-05-18T03:45:00Z,0,0,0,NA,NA,NA,NA
2024-05-18T04:00:00Z,0,0,0,NA,NA,NA,NA
2024-05-18T04:15:00Z,0,0,0,NA,NA,NA,NA
2024-05-18T04:30:00Z,0,0,0,NA,NA,NA,NA
2024-05-18T04:45:00Z,0,0,0,NA,NA,NA,NA
2024-05-18T05:00:00Z,0,0,0,NA,NA,NA,NA
2024-05-18T05:15:00Z,0,0,0,NA,NA,NA,NA
2024-05-18T05:30:00Z,0,1,0,NA,NA,NA,NA
2024-05-18T05:45:00Z,30,5,0,NA,NA,NA,NA
2024-05-18T06:00:00Z,70,6,0,NA,NA,NA,NA
2024-05-18T06:15:00Z,120,66,0,NA,NA,NA,NA
2024-05-18T06:30:00Z,180,131,0,NA,NA,NA,NA
2024-05-18T06:45:00Z,240,192,30,NA,NA,NA,NA
2024-05-18T07:00:00Z,280,253,70,NA,NA,NA,NA
2024-05-18T07:15:00Z,360,345,120,NA,NA,NA,NA
2024-05-18T07:30:00Z,490,437,180,NA,NA,NA,NA
2024-05-18T07:45:00Z,590,528,240,NA,NA,NA,NA
2024-05-18T08:00:00Z,740,619,280,NA,NA,NA,NA
2024-05-18T08:15:00Z,870,830,360,NA,NA,NA,NA
2024-05-18T08:30:00Z,1060,1038,490,NA,NA,NA,NA
2024-05-18T08:45:00Z,1340,1249,590,NA,NA,NA,NA
2024-05-18T09:00:00Z,1410,1457,740,NA,NA,NA,NA
2024-05-18T09:15:00Z,1770,1659,870,NA,NA,NA,NA
2024-05-18T09:30:00Z,1930,1857,1060,NA,NA,NA,NA
2024-05-18T09:45:00Z,2340,2056,1340,NA,NA,NA,NA
2024-05-18T10:00:00Z,2600,2256,1410,NA,NA,NA,NA
2024-05-18T10:15:00Z,2800,2442,1770,NA,NA,NA,NA
2024-05-18T10:30:00Z,3080,2624,1930,NA,NA,NA,NA
2024-05-18T10:45:00Z,3210,2806,2340,NA,NA,NA,NA
2024-05-18T11:00:00Z,3270,2990,2600,NA,NA,NA,NA
2024-05-18T11:15:00Z,3490,3199,2800,NA,NA,NA,NA
2024-05-18T11:30:00Z,3610,3410,3080,NA,NA,NA,NA
2024-05-18T11:45:00Z,3710,3623,3210,NA,NA,NA,NA
2024-05-18T12:00:00Z,3780,3832,3270,NA,NA,NA,NA
2024-05-18T12:15:00Z,3830,3932,3490,NA,NA,NA,NA
2024-05-18T12:30:00Z,3360,4033,3610,NA,NA,NA,NA
2024-05-18T12:45:00Z,3280,4134,3710,NA,NA,NA,NA
2024-05-18T13:00:00Z,3320,4234,3780,NA,NA,NA,NA
2024-05-18T13:15:00Z,3410,4272,3830,NA,NA,NA,NA
2024-05-18T13:30:00Z,3400,4309,3360,NA,NA,NA,NA
2024-05-18T13:45:00Z,3490,4349,3280,NA,NA,NA,NA
2024-05-18T14:00:00Z,2770,4387,3320,NA,NA,NA,NA
2024-05-18T14:15:00Z,2570,4262,3410,NA,NA,NA,NA
2024-05-18T14:30:00Z,2140,4134,3400,NA,NA,NA,NA
2024-05-18T14:45:00Z,2140,4010,3490,NA,NA,NA,NA
2024-05-18T15:00:00Z,2080,3885,2770,NA,NA,NA,NA
2024-05-18T15:15:00Z,1880,3803,2570,NA,NA,NA,NA
2024-05-18T15:30:00Z,2170,3720,2140,NA,NA,NA,NA
2024-05-18T15:45:00Z,2760,3639,2140,NA,NA,NA,NA
2024-05-18T16:00:00Z,2260,3558,2080,NA,NA,NA,NA
2024-05-18T16:15:00Z,1910,3424,1880,NA,NA,NA,NA
2024-05-18T16:30:00Z,2180,3290,2170,NA,NA,NA,NA
2024-05-18T16:45:00Z,2160,3155,2760,NA,NA,NA,NA
2024-05-18T17:00:00Z,1750,3021,2260,NA,NA,NA,NA
2024-05-18T17:15:00Z,1350,2830,1910,NA,NA,NA,NA
2024-05-18T17:30:00Z,1280,2643,2180,NA,NA,NA,NA
2024-05-18T17:45:00Z,1370,2450,2160,NA,NA,NA,NA
2024-05-18T18:00:00Z,1120,2259,1750,NA,NA,NA,NA
2024-05-18T18:15:00Z,900,2072,1350,NA,NA,NA,NA
2024-05-18T18:30:00Z,1010,1881,1280,NA,NA,NA,NA
2024-05-18T18:45:00Z,1040,1695,1370,NA,NA,NA,NA
2024-05-18T19:00:00Z,840,1506,1120,NA,NA,NA,NA
2024-05-18T19:15:00Z,650,1341,900,NA,NA,NA,NA
2024-05-18T19:30:00Z,630,1175,1010,NA,NA,NA,NA
2024-05-18T19:45:00Z,610,1011,1040,NA,NA,NA,NA
2024-05-18T20:00:00Z,470,842,840,NA,NA,NA,NA
2024-05-18T20:15:00Z,350,715,650,NA,NA,NA,NA
2024-05-18T20:30:00Z,220,586,630,NA,NA,NA,NA
2024-05-18T20:45:00Z,130,459,610,NA,NA,NA,NA
2024-05-18T21:00:00Z,60,333,470,NA,NA,NA,NA
2024-05-18T21:15:00Z,10,253,350,NA,NA,NA,NA
2024-05-18T21:30:00Z,0,176,220,NA,NA,NA,NA
2024-05-18T21:45:00Z,0,97,130,NA,NA,NA,NA
2024-05-18T22:00:00Z,0,19,60,NA,NA,NA,NA
2024-05-18T22:15:00Z,0,13,10,NA,NA,NA,NA
2024-05-18T22:30:00Z,0,7,0,NA,NA,NA,NA
2024-05-18T22:45:00Z,0,3,0,NA,NA,NA,NA
2024-05-18T23:00:00Z,0,0,0,NA,NA,NA,NA
2024-05-18T23:15:00Z,0,0,0,NA,NA,NA,NA
2024-05-18T23:30:00Z,0,0,0,NA,NA,NA,NA
2024-05-18T23:45:00Z,0,0,0,NA,NA,NA,NA
2024-05-19T00:00:00Z,0,0,0,NA,NA,NA,NA
2024-05-19T00:15:00Z,0,0,0,NA,NA,NA,NA
2024-05-19T00:30:00Z,0,0,0,NA,NA,NA,NA
2024-05-19T00:45:00Z,0,0,0,NA,NA,NA,NA
2024-05-19T01:00:00Z,0,0,0,NA,NA,NA,NA
2024-05-19T01:15:00Z,0,0,0,NA,NA,NA,NA
2024-05-19T01:30:00Z,0,0,0,NA,NA,NA,NA
2024-05-19T01:45:00Z,0,0,0,NA,NA,NA,NA
2024-05-19T02:00:00Z,0,0,0,NA,NA,NA,NA
2024-05-19T02:15:00Z,0,0,0,NA,NA,NA,NA
2024-05-19T02:30:00Z,0,0,0,NA,NA,NA,NA
2024-05-19T02:45:00Z,0,0,0,NA,NA,NA,NA
2024-05-19T03:00:00Z,0,0,0,NA,NA,NA,NA
2024-05-19T03:15:00Z,0,0,0,NA,NA,NA,NA
2024-05-19T03:30:00Z,0,0,0,NA,NA,NA,NA
2024-05-19T03:45:00Z,0,0,0,NA,NA,NA,NA
2024-05-19T04:00:00Z,0,0,0,NA,NA,NA,NA
2024-05-19T04:15:00Z,0,0,0,NA,NA,NA,NA
2024-05-19T04:30:00Z,0,0,0,NA,NA,NA,NA
2024-05-19T04:45:00Z,0,0,0,NA,NA,NA,NA
2024-05-19T05:00:00Z,0,0,0,NA,NA,NA,NA
2024-05-19T05:15:00Z,0,0,0,NA,NA,NA,NA
2024-05-19T05:30:00Z,10,5,0,NA,NA,NA,NA
2024-05-19T05:45:00Z,50,8,0,NA,NA,NA,NA
2024-05-19T06:00:00Z,110,10,0,NA,NA,NA,NA
2024-05-19T06:15:00Z,180,88,0,NA,NA,NA,NA
2024-05-19T06:30:00Z,300,169,10,NA,NA,NA,NA
2024-05-19T06:45:00Z,470,245,50,NA,NA,NA,NA
2024-05-19T07:00:00Z,630,326,110,NA,NA,NA,NA
2024-05-19T07:15:00Z,840,436,180,NA,NA,NA,NA
2024-05-19T07:30:00Z,1020,546,300,NA,NA,NA,NA
2024-05-19T07:45:00Z,1140,654,470,NA,NA,NA,NA
2024-05-19T08:00:00Z,1140,765,630,NA,NA,NA,NA
2024-05-19T08:15:00Z,1040,987,840,NA,NA,NA,NA
2024-05-19T08:30:00Z,950,1210,1020,NA,NA,NA,NA
2024-05-19T08:45:00Z,1010,1430,1140,NA,NA,NA,NA
2024-05-19T09:00:00Z,1270,1654,1140,NA,NA,NA,NA
2024-05-19T09:15:00Z,1510,1885,1040,NA,NA,NA,NA
2024-05-19T09:30:00Z,1720,2115,950,NA,NA,NA,NA
2024-05-19T09:45:00Z,1970,2349,1010,NA,NA,NA,NA
2024-05-19T10:00:00Z,2330,2579,1270,NA,NA,NA,NA
2024-05-19T10:15:00Z,2400,2792,1510,NA,NA,NA,NA
2024-05-19T10:30:00Z,2670,3006,1720,NA,NA,NA,NA
2024-05-19T10:45:00Z,2770,3220,1970,NA,NA,NA,NA
2024-05-19T11:00:00Z,2670,3432,2330,NA,NA,NA,NA
2024-05-19T11:15:00Z,2820,3537,2400,NA,NA,NA,NA
2024-05-19T11:30:00Z,2530,3639,2670,NA,NA,NA,NA
2024-05-19T11:45:00Z,3460,3744,2770,NA,NA,NA,NA
2024-05-19T12:00:00Z,2230,3845,2670,NA,NA,NA,NA
2024-05-19T12:15:00Z,2190,3947,2820,NA,NA,NA,NA
2024-05-19T12:30:00Z,2290,4048,2530,NA,NA,NA,NA
2024-05-19T12:45:00Z,2240,4149,3460,NA,NA,NA,NA
2024-05-19T13:00:00Z,2280,4248,2230,NA,NA,NA,NA
2024-05-19T13:15:00Z,2150,4288,2190,NA,NA,NA,NA
2024-05-19T13:30:00Z,2080,4327,2290,NA,NA,NA,NA
2024-05-19T13:45:00Z,2140,4364,2240,NA,NA,NA,NA
2024-05-19T14:00:00Z,3400,4403,2280,NA,NA,NA,NA
2024-05-19T14:15:00Z,3430,4181,2150,NA,NA,NA,NA
2024-05-19T14:30:00Z,3310,3964,2080,NA,NA,NA,NA
2024-05-19T14:45:00Z,3140,3744,2140,NA,NA,NA,NA
2024-05-19T15:00:00Z,1600,3524,3400,NA,NA,NA,NA
2024-05-19T15:15:00Z,1380,3450,3430,NA,NA,NA,NA
2024-05-19T15:30:00Z,1300,3376,3310,NA,NA,NA,NA
2024-05-19T15:45:00Z,1320,3301,3140,NA,NA,NA,NA
2024-05-19T16:00:00Z,1540,3227,1600,NA,NA,NA,NA
2024-05-19T16:15:00Z,1820,3108,1380,NA,NA,NA,NA
2024-05-19T16:30:00Z,1900,2985,1300,NA,NA,NA,NA
2024-05-19T16:45:00Z,2800,2863,1320,NA,NA,NA,NA
2024-05-19T17:00:00Z,2640,2742,1540,NA,NA,NA,NA
2024-05-19T17:15:00Z,2410,2614,1820,NA,NA,NA,NA
2024-05-19T17:30:00Z,2190,2486,1900,NA,NA,NA,NA
2024-05-19T17:45:00Z,1890,2357,2800,NA,NA,NA,NA
2024-05-19T18:00:00Z,1880,2229,2640,NA,NA,NA,NA
2024-05-19T18:15:00Z,1690,2043,2410,NA,NA,NA,NA
2024-05-19T18:30:00Z,1550,1860,2190,NA,NA,NA,NA
2024-05-19T18:45:00Z,1320,1675,1890,NA,NA,NA,NA
2024-05-19T19:00:00Z,1100,1488,1880,NA,NA,NA,NA
2024-05-19T19:15:00Z,930,1325,1690,NA,NA,NA,NA
2024-05-19T19:30:00Z,770,1161,1550,NA,NA,NA,NA
2024-05-19T19:45:00Z,650,998,1320,NA,NA,NA,NA
2024-05-19T20:00:00Z,490,834,1100,NA,NA,NA,NA
2024-05-19T20:15:00Z,340,707,930,NA,NA,NA,NA
2024-05-19T20:30:00Z,250,582,770,NA,NA,NA,NA
2024-05-19T20:45:00Z,170,452,650,NA,NA,NA,NA
2024-05-19T21:00:00Z,60,328,490,NA,NA,NA,NA
2024-05-19T21:15:00Z,20,249,340,NA,NA,NA,NA
2024-05-19T21:30:00Z,0,171,250,NA,NA,NA,NA
2024-05-19T21:45:00Z,0,96,170,NA,NA,NA,NA
2024-05-19T22:00:00Z,0,20,60,NA,NA,NA,NA
2024-05-19T22:15:00Z,0,13,20,NA,NA,NA,NA
2024-05-19T22:30:00Z,0,8,0,NA,NA,NA,NA
2024-05-19T22:45:00Z,0,2,0,NA,NA,NA,NA
2024-05-19T23:00:00Z,0,0,0,NA,NA,NA,NA
2024-05-19T23:15:00Z,0,0,0,NA,NA,NA,NA
2024-05-19T23:30:00Z,0,0,0,NA,NA,NA,NA
2024-05-19T23:45:00Z,0,0,0,NA,NA,NA,NA
2024-05-20T00:00:00Z,0,0,0,NA,NA,NA,NA
2024-05-20T00:15:00Z,0,0,0,NA,NA,NA,NA
2024-05-20T00:30:00Z,0,0,0,NA,NA,NA,NA
2024-05-20T00:45:00Z,0,0,0,NA,NA,NA,NA
2024-05-20T01:00:00Z,0,0,0,68.65683593132223,7.523875055617378,68.65683593132223,4713.7611201005
2024-05-20T01:15:00Z,0,0,0,68.65683593132223,7.523875055617378,68.65683593132223,4713.7611201005
2024-05-20T01:30:00Z,0,0,0,68.65683593132223,7.523875055617378,68.65683593132223,4713.7611201005
2024-05-20T01:45:00Z,0,0,0,68.65683593132223,7.523875055617378,68.65683593132223,4713.7611201005
2024-05-20T02:00:00Z,0,0,0,68.65683593132223,7.523875055617378,68.65683593132223,4713.7611201005
2024-05-20T02:15:00Z,0,0,0,68.65683593132223,7.523875055617378,68.65683593132223,4713.7611201005
2024-05-20T02:30:00Z,0,0,0,68.65683593132223,7.523875055617378,68.65683593132223,4713.7611201005
2024-05-20T02:45:00Z,0,0,0,68.65683593132223,7.523875055617378,68.65683593132223,4713.7611201005
2024-05-20T03:00:00Z,0,0,0,68.65683593132223,7.523875055617378,68.65683593132223,4713.7611201005
2024-05-20T03:15:00Z,0,0,0,68.65683593132223,7.523875055617378,68.65683593132223,4713.7611201005
2024-05-20T03:30:00Z,0,0,0,68.65683593132223,7.523875055617378,68.65683593132223,4713.7611201005
2024-05-20T03:45:00Z,0,0,0,68.65683593132223,7.523875055617378,68.65683593132223,4713.7611201005
2024-05-20T04:00:00Z,0,0,0,68.65683593132223,7.523875055617378,68.65683593132223,4713.7611201005
2024-05-20T04:15:00Z,0,0,0,68.65683593132223,7.523875055617378,68.65683593132223,4713.7611201005
2024-05-20T04:30:00Z,0,0,0,68.65683593132223,7.523875055617378,68.65683593132223,4713.7611201005
2024-05-20T04:45:00Z,0,0,0,68.65683593132223,7.523875055617378,68.65683593132223,4713.7611201005
2024-05-20T05:00:00Z,0,0,0,68.65683593132223,7.523875055617378,68.65683593132223,4713.7611201005
2024-05-20T05:15:00Z,0,0,0,68.65683593132223,7.523875055617378,68.65683593132223,4713.7611201005
2024-05-20T05:30:00Z,10,5,0,69.8621457469822,7.523875055617378,59.86214574698219,3583.4764934329382
2024-05-20T05:45:00Z,30,7,0,70.34426967324617,7.523875055617378,40.344269673246174,1627.660095467611
2024-05-20T06:00:00Z,70,10,0,71.06745556264215,7.523875055617378,1.0674555626421522,1.1394613782156737
2024-05-20T06:15:00Z,140,85,0,89.14710279754148,7.523875055617378,50.85289720245852,2586.0171538838135
2024-05-20T06:30:00Z,210,157,10,112.81935305657144,7.523875055617378,97.18064694342856,9444.07814034331
2024-05-20T06:45:00Z,270,231,30,143.289516155392,7.523875055617378,126.710483844608,16055.546716134666
2024-05-20T07:00:00Z,340,305,70,186.3912570812657,7.523875055617378,153.6087429187343,23595.645901073804
2024-05-20T07:15:00Z,390,408,140,255.43116167854703,7.523875055617378,134.56883832145297,18108.77224718535
2024-05-20T07:30:00Z,430,512,210,324.7121282389603,7.523875055617378,105.2878717610397,11085.53593996914
2024-05-20T07:45:00Z,460,616,270,387.677305885847,7.523875055617378,72.32269411415302,5230.572083929344
2024-05-20T08:00:00Z,530,718,340,456.47614851999623,7.523875055617378,73.52385148000377,5405.756736453653
2024-05-20T08:15:00Z,600,897,390,531.2051844882557,7.523875055617378,68.79481551174433,4732.726641294938
2024-05-20T08:30:00Z,750,1073,430,598.8952456535924,7.523875055617378,151.10475434640762,22832.646786088193
2024-05-20T08:45:00Z,1020,1254,460,661.4748277210626,7.523875055617378,358.52517227893736,128540.29915764171
2024-05-20T09:00:00Z,1160,1431,530,748.3533175901114,7.523875055617378,411.6466824098886,169452.99113906772
2024-05-20T09:15:00Z,1280,1621,600,838.3656129798758,7.523875055617378,441.6343870201242,195040.93179864087
2024-05-20T09:30:00Z,1600,1812,750,979.1452816409851,7.523875055617378,620.8547183590149,385460.5813086517
2024-05-20T09:45:00Z,1760,2003,1020,1195.7144172644134,7.523875055617378,564.2855827355866,318418.2188832405
2024-05-20T10:00:00Z,2020,2192,1160,1329.6961730857324,7.523875055617378,690.3038269142676,476519.3734524831
2024-05-20T10:15:00Z,2040,2369,1280,1448.153607522414,7.523875055617378,591.846392477586,350282.1522887328
2024-05-20T10:30:00Z,2330,2544,1600,1692.4446963033636,7.523875055617378,637.5553036966364,406476.7652717103
2024-05-20T10:45:00Z,2280,2719,1760,1835.6831624678875,7.523875055617378,444.31683753211246,197417.45211453762
2024-05-20T11:00:00Z,2110,2895,2020,2042.3205797308096,7.523875055617378,67.67942026919036,4580.503927973695
2024-05-20T11:15:00Z,2820,2873,2040,2049.648794368959,7.523875055617378,770.351205631041,593440.9800171985
2024-05-20T11:30:00Z,1940,2853,2330,2227.9854335985906,7.523875055617378,287.9854335985906,82935.60996496823
2024-05-20T11:45:00Z,1510,2832,2280,2191.344187805186,7.523875055617378,681.3441878051858,464229.9022559083
2024-05-20T12:00:00Z,1370,2811,2110,2078.913475049462,7.523875055617378,708.9134750494618,502558.3151067039
2024-05-20T12:15:00Z,2080,2886,2820,2545.4141351447497,7.523875055617378,465.4141351447497,216610.31719253535
2024-05-20T12:30:00Z,2820,2962,1940,2007.9454199524403,7.523875055617378,812.0545800475597,659432.6409762186
2024-05-20T12:45:00Z,2760,3038,1510,1754.6872058688277,7.523875055617378,1005.3127941311723,1010653.8140438248
2024-05-20T13:00:00Z,3010,3113,1370,1684.3458083143546,7.523875055617378,1325.6541916856454,1757359.0359337218
2024-05-20T13:15:00Z,2690,3142,2080,2139.757618105571,7.523875055617378,550.242381894429,302766.6788328546
2024-05-20T13:30:00Z,1600,3169,2820,2613.6346707111034,7.523875055617378,1013.6346707111034,1027455.2456676069
2024-05-20T13:45:00Z,2300,3199,2760,2582.9717961239035,7.523875055617378,282.97179612390346,80073.03740158798
2024-05-20T14:00:00Z,1810,3228,3010,2747.857315892896,7.523875055617378,937.8573158928962,879576.3449738276
2024-05-20T14:15:00Z,2050,3093,2690,2513.208705637226,7.523875055617378,463.2087056372261,214562.30497811438
2024-05-20T14:30:00Z,2340,2958,1600,1792.2443490400078,7.523875055617378,547.7556509599922,300036.2531586048
2024-05-20T14:45:00Z,2540,2824,2300,2202.047269927183,7.523875055617378,337.95273007281685,114212.04776367021
2024-05-20T15:00:00Z,2880,2688,1810,1859.7891861784287,7.523875055617378,1020.2108138215713,1040830.1046384728
2024-05-20T15:15:00Z,2610,2630,2050,1997.386526241412,7.523875055617378,612.613473758588,375295.26823056425
2024-05-20T15:30:00Z,1990,2573,2340,2166.80387283516,7.523875055617378,176.80387283515984,31259.609449511372
2024-05-20T15:45:00Z,1580,2513,2540,2278.655933317772,7.523875055617378,698.655933317772,488120.1131601271
2024-05-20T16:00:00Z,1650,2458,2880,2480.1343484054173,7.523875055617378,830.1343484054173,689123.0364024867
2024-05-20T16:15:00Z,1710,2367,2610,2287.6714090951878,7.523875055617378,577.6714090951878,333704.2568860198
2024-05-20T16:30:00Z,1440,2274,1990,1873.6737338852633,7.523875055617378,433.67373388526335,188072.9074619862
2024-05-20T16:45:00Z,860,2181,1580,1592.3076258593976,7.523875055617378,732.3076258593976,536274.4588918275
2024-05-20T17:00:00Z,830,2088,1650,1614.0993856828088,7.523875055617378,784.0993856828088,614811.8466281581
2024-05-20T17:15:00Z,940,2108,1710,1656.8153584266079,7.523875055617378,716.8153584266079,513824.2580762663
2024-05-20T17:30:00Z,1690,2128,1440,1491.1102970240297,7.523875055617378,198.8897029759703,39557.11394986969
2024-05-20T17:45:00Z,1360,2145,860,1128.8925934127305,7.523875055617378,231.10740658726945,53410.633379493476
2024-05-20T18:00:00Z,1320,2165,830,1114.7664659347909,7.523875055617378,205.23353406520914,42120.80350489536
2024-05-20T18:15:00Z,890,1989,940,1141.813238472353,7.523875055617378,251.81323847235308,63409.90706993416
2024-05-20T18:30:00Z,660,1811,1690,1572.5883775493535,7.523875055617378,912.5883775493535,832817.5468381613
2024-05-20T18:45:00Z,700,1632,1360,1321.0172520023493,7.523875055617378,621.0172520023493,385662.42728454946
2024-05-20T19:00:00Z,800,1456,1320,1253.3271908370125,7.523875055617378,453.3271908370125,205505.54195217715
2024-05-20T19:15:00Z,750,1300,890,944.142601306778,7.523875055617378,194.14260130677803,37691.349642162575
2024-05-20T19:30:00Z,690,1142,660,760.7916661208117,7.523875055617378,70.79166612081167,5011.459992160475
2024-05-20T19:45:00Z,550,985,700,748.2080935631955,7.523875055617378,198.20809356319546,39286.448353956446
2024-05-20T20:00:00Z,380,828,800,773.5192544867389,7.523875055617378,393.5192544867389,154857.40365179876
2024-05-20T20:15:00Z,350,705,750,712.289688453871,7.523875055617378,362.289688453871,131253.81836000292
2024-05-20T20:30:00Z,300,581,690,644.5032715443444,7.523875055617378,344.50327154434444,118682.50410475633
2024-05-20T20:45:00Z,160,459,550,526.6726672528691,7.523875055617378,366.67266725286913,134448.84491033328
2024-05-20T21:00:00Z,60,339,380,390.37682014707804,7.523875055617378,330.37682014707804,109148.84329049474
2024-05-20T21:15:00Z,10,256,350,351.421310466543,7.523875055617378,341.421310466543,116568.51124069154
2024-05-20T21:30:00Z,0,180,300,301.5216567008786,7.523875055617378,301.5216567008786,90915.3094596425
2024-05-20T21:45:00Z,0,101,160,194.05671682407893,7.523875055617378,194.05671682407893,37658.00934454076
2024-05-20T22:00:00Z,0,22,60,111.85493260138563,7.523875055617378,111.85493260138563,12511.525947260521
2024-05-20T22:15:00Z,0,15,10,78.5885542918287,7.523875055617378,78.5885542918287,6176.160865679707
2024-05-20T22:30:00Z,0,9,0,70.82639359951015,7.523875055617378,70.82639359951015,5016.378030312733
2024-05-20T22:45:00Z,0,4,0,69.6210837838502,7.523875055617378,69.6210837838502,4847.095307237889
2024-05-20T23:00:00Z,0,0,0,68.65683593132223,7.523875055617378,68.65683593132223,4713.7611201005
2024-05-20T23:15:00Z,0,0,0,68.65683593132223,7.523875055617378,68.65683593132223,4713.7611201005
2024-05-20T23:30:00Z,0,0,0,68.65683593132223,7.523875055617378,68.65683593132223,4713.7611201005
2024-05-20T23:45:00Z,0,0,0,68.65683593132223,7.523875055617378,68.65683593132223,4713.7611201005
2024-05-21T00:00:00Z,0,0,0,68.65683593132223,7.523875055617378,68.65683593132223,4713.7611201005
2024-05-21T00:15:00Z,0,0,0,68.65683593132223,7.523875055617378,68.65683593132223,4713.7611201005
2024-05-21T00:30:00Z,0,0,0,68.65683593132223,7.523875055617378,68.65683593132223,4713.7611201005
2024-05-21T00:45:00Z,0,0,0,68.65683593132223,7.523875055617378,68.65683593132223,4713.7611201005
2024-05-21T01:00:00Z,0,0,0,60.53668499340699,8.691859869105993,60.53668499340699,3664.6902299909875
2024-05-21T01:15:00Z,0,0,0,60.53668499340699,8.691859869105993,60.53668499340699,3664.6902299909875
2024-05-21T01:30:00Z,0,0,0,60.53668499340699,8.691859869105993,60.53668499340699,3664.6902299909875
2024-05-21T01:45:00Z,0,0,0,60.53668499340699,8.691859869105993,60.53668499340699,3664.6902299909875
2024-05-21T02:00:00Z,0,0,0,60.53668499340699,8.691859869105993,60.53668499340699,3664.6902299909875
2024-05-21T02:15:00Z,0,0,0,60.53668499340699,8.691859869105993,60.53668499340699,3664.6902299909875
2024-05-21T02:30:00Z,0,0,0,60.53668499340699,8.691859869105993,60.53668499340699,3664.6902299909875
2024-05-21T02:45:00Z,0,0,0,60.53668499340699,8.691859869105993,60.53668499340699,3664.6902299909875
2024-05-21T03:00:00Z,0,0,0,60.53668499340699,8.691859869105993,60.53668499340699,3664.6902299909875
2024-05-21T03:15:00Z,0,0,0,60.53668499340699,8.691859869105993,60.53668499340699,3664.6902299909875
2024-05-21T03:30:00Z,0,0,0,60.53668499340699,8.691859869105993,60.53668499340699,3664.6902299909875
2024-05-21T03:45:00Z,0,0,0,60.53668499340699,8.691859869105993,60.53668499340699,3664.6902299909875
2024-05-21T04:00:00Z,0,0,0,60.53668499340699,8.691859869105993,60.53668499340699,3664.6902299909875
2024-05-21T04:15:00Z,0,0,0,60.53668499340699,8.691859869105993,60.53668499340699,3664.6902299909875
2024-05-21T04:30:00Z,0,0,0,60.53668499340699,8.691859869105993,60.53668499340699,3664.6902299909875
2024-05-21T04:45:00Z,0,0,0,60.53668499340699,8.691859869105993,60.53668499340699,3664.6902299909875
2024-05-21T05:00:00Z,0,0,0,60.53668499340699,8.691859869105993,60.53668499340699,3664.6902299909875
2024-05-21T05:15:00Z,0,0,0,60.53668499340699,8.691859869105993,60.53668499340699,3664.6902299909875
2024-05-21T05:30:00Z,20,5,0,62.14503586716698,8.691859869105993,42.14503586716698,1776.2040482447912
2024-05-21T05:45:00Z,60,9,0,63.43171656617497,8.691859869105993,3.43171656617497,11.776678590559726
2024-05-21T06:00:00Z,110,13,0,64.71839726518296,8.691859869105993,45.28160273481704,2050.42354623379
2024-05-21T06:15:00Z,170,88,0,88.84366037158274,8.691859869105993,81.15633962841726,6586.3514618830095
2024-05-21T06:30:00Z,260,167,20,124.74010189761874,8.691859869105993,135.25989810238127,18295.240034666564
2024-05-21T06:45:00Z,390,246,60,171.12104114428297,8.691859869105993,218.87895885571703,47907.99862976267
2024-05-21T07:00:00Z,530,322,110,221.77921872700534,8.691859869105993,308.22078127299466,95000.05000853521
2024-05-21T07:15:00Z,690,430,170,287.9730907621057,8.691859869105993,402.0269092378943,161625.6357513741
2024-05-21T07:30:00Z,910,536,260,369.25036902864446,8.691859869105993,540.7496309713556,292410.16339565726
2024-05-21T07:45:00Z,1130,644,390,472.13998308594364,8.691859869105993,657.8600169140564,432779.80185416254
2024-05-21T08:00:00Z,1350,750,530,579.628505654053,8.691859869105993,770.371494345947,593472.2393008075
2024-05-21T08:15:00Z,1580,961,690,731.3768942917502,8.691859869105993,848.6231057082498,720161.1755419153
2024-05-21T08:30:00Z,1830,1170,910,913.9354357418281,8.691859869105993,916.0645642581719,839174.2858895144
2024-05-21T08:45:00Z,1980,1377,1130,1095.850636842402,8.691859869105993,884.1493631575979,781720.096371986
2024-05-21T09:00:00Z,2300,1588,1350,1279.052518641984,8.691859869105993,1020.9474813580159,1042333.7596912762
2024-05-21T09:15:00Z,2520,1804,1580,1469.10500017564,8.691859869105993,1050.89499982436,1104380.3006558416
2024-05-21T09:30:00Z,2660,2019,1830,1669.3203092551723,8.691859869105993,990.6796907448277,981446.2496542673
2024-05-21T09:45:00Z,2860,2235,1980,1817.4347999063157,8.691859869105993,1042.5652000936843,1086942.196446384
2024-05-21T10:00:00Z,3120,2450,2300,2054.3458510080463,8.691859869105993,1065.6541489919537,1135618.765263765
2024-05-21T10:15:00Z,3270,2650,2520,2234.0093608853567,8.691859869105993,1035.9906391146433,1073276.604333167
2024-05-21T10:30:00Z,3420,2849,2660,2371.4132097054016,8.691859869105993,1048.5867902945984,1099534.256780328
2024-05-21T10:45:00Z,3510,3050,2860,2540.9138920368355,8.691859869105993,969.0861079631645,939127.8846471942
2024-05-21T11:00:00Z,3670,3247,3120,2740.5813868311457,8.691859869105993,929.4186131688543,863818.9585047165
2024-05-21T11:15:00Z,3750,3343,3270,2850.095456512049,8.691859869105993,899.9045434879508,809828.1873902571
2024-05-21T11:30:00Z,3790,3439,3420,2959.609526192953,8.691859869105993,830.3904738070469,689548.3389894918
2024-05-21T11:45:00Z,3840,3536,3510,3037.9917728867235,8.691859869105993,802.0082271132765,643217.1963573808
2024-05-21T12:00:00Z,3830,3631,3670,3152.426421253189,8.691859869105993,677.5735787468111,459105.95461576106
2024-05-21T12:15:00Z,3760,3726,3750,3224.9230787371416,8.691859869105993,535.0769212628584,286307.3116681391
2024-05-21T12:30:00Z,3600,3819,3790,3275.8074004303335,8.691859869105993,324.1925995696665,105100.84161573814
2024-05-21T12:45:00Z,3640,3915,3840,3332.898981508096,8.691859869105993,307.10101849190414,94311.03555876485
2024-05-21T13:00:00Z,1930,4012,3830,3358.858739598726,8.691859869105993,1428.858739598726,2041637.29772766
2024-05-21T13:15:00Z,1940,4048,3760,3333.743123867599,8.691859869105993,1393.743123867599,1942519.8953282135
2024-05-21T13:30:00Z,1880,4083,3600,3261.1255982188927,8.691859869105993,1381.1255982188927,1907507.9180554943
2024-05-21T13:45:00Z,1760,4118,3640,3293.353049776469,8.691859869105993,1533.353049776469,2351171.575258799
2024-05-21T14:00:00Z,1730,4155,1930,2408.8302911285796,8.691859869105993,678.8302911285796,460810.5641537121
2024-05-21T14:15:00Z,1470,4085,1940,2391.5556277562537,8.691859869105993,921.5556277562537,849264.7750492227
2024-05-21T14:30:00Z,1240,4017,1880,2338.228562711233,8.691859869105993,1098.2285627112328,1206105.9759547804
2024-05-21T14:45:00Z,1140,3951,1760,2254.091344853832,8.691859869105993,1114.0913448538322,1241199.5246782205
2024-05-21T15:00:00Z,1260,3882,1730,2216.169356215002,8.691859869105993,956.1693562150022,914259.8377646117
2024-05-21T15:15:00Z,1060,3800,1470,2053.493931517171,8.691859869105993,993.493931517171,987030.1919614451
2024-05-21T15:30:00Z,770,3720,1240,1907.1885937497868,8.691859869105993,1137.1885937497868,1293197.8977546177
2024-05-21T15:45:00Z,850,3638,1140,1828.3891508169818,8.691859869105993,978.3891508169818,957245.3304363748
2024-05-21T16:00:00Z,840,3557,1260,1865.240852985839,8.691859869105993,1025.240852985839,1051118.8066311306
2024-05-21T16:15:00Z,810,3423,1060,1717.2920723627894,8.691859869105993,907.2920723627894,823178.9045723651
2024-05-21T16:30:00Z,810,3290,770,1522.4847221716643,8.691859869105993,712.4847221716643,507634.4793280337
2024-05-21T16:45:00Z,710,3156,850,1521.3189096374094,8.691859869105993,811.3189096374094,658238.3731352349
2024-05-21T17:00:00Z,1000,3025,840,1473.937867884584,8.691859869105993,473.93786788458397,224617.10261498537
2024-05-21T17:15:00Z,780,2638,810,1333.7247636746188,8.691859869105993,553.7247636746188,306611.1139065124
2024-05-21T17:30:00Z,580,2251,810,1209.2384060455959,8.691859869105993,629.2384060455959,395940.9716428022
2024-05-21T17:45:00Z,580,1865,710,1032.6512299881838,8.691859869105993,452.6512299881838,204893.13600981564
2024-05-21T18:00:00Z,840,1479,1000,1060.5117594830224,8.691859869105993,220.5117594830224,48625.43607029832
2024-05-21T18:15:00Z,810,1360,780,906.9035337606241,8.691859869105993,96.9035337606241,9390.294855296415
2024-05-21T18:30:00Z,670,1244,580,764.7448162831101,8.691859869105993,94.74481628311014,8976.580212520292
2024-05-21T18:45:00Z,560,1128,580,727.4310760118785,8.691859869105993,167.43107601187853,28033.165214495446
2024-05-21T19:00:00Z,500,1009,840,825.4507955845578,8.691859869105993,325.4507955845578,105918.22034662163
2024-05-21T19:15:00Z,410,905,810,776.2703508294078,8.691859869105993,366.2703508294078,134153.96989669747
2024-05-21T19:30:00Z,360,801,670,669.4251686108025,8.691859869105993,309.42516861080253,95743.93496982357
2024-05-21T19:45:00Z,280,697,560,578.3067329731396,8.691859869105993,298.30673297313956,88986.90693710798
2024-05-21T20:00:00Z,200,591,500,512.756201287543,8.691859869105993,312.75620128754304,97816.44144381414
2024-05-21T20:15:00Z,120,468,410,426.0105300502204,8.691859869105993,306.0105300502204,93642.44450161683
2024-05-21T20:30:00Z,60,349,360,361.52053495316216,8.691859869105993,301.52053495316216,90914.63299844108
2024-05-21T20:45:00Z,20,226,280,280.0171125761536,8.691859869105993,260.0171125761536,67608.89883244013
2024-05-21T21:00:00Z,0,105,200,199.157030548649,8.691859869105993,199.157030548649,39663.52281695551
2024-05-21T21:15:00Z,0,82,120,149.82062564684014,8.691859869105993,149.82062564684014,22446.219869210614
2024-05-21T21:30:00Z,0,57,60,110.32537811615552,8.691859869105993,110.32537811615552,12171.689056472687
2024-05-21T21:45:00Z,0,33,20,81.63629848085112,8.691859869105993,81.63629848085112,6664.485229654616
2024-05-21T22:00:00Z,0,7,0,62.788376216670976,8.691859869105993,62.788376216670976,3942.3801879262132
2024-05-21T22:15:00Z,0,5,0,62.14503586716698,8.691859869105993,62.14503586716698,3862.0054829314704
2024-05-21T22:30:00Z,0,2,0,61.18002534291099,8.691859869105993,61.18002534291099,3742.995500959231
2024-05-21T22:45:00Z,0,0,0,60.53668499340699,8.691859869105993,60.53668499340699,3664.6902299909875
2024-05-21T23:00:00Z,0,0,0,60.53668499340699,8.691859869105993,60.53668499340699,3664.6902299909875
2024-05-21T23:15:00Z,0,0,0,60.53668499340699,8.691859869105993,60.53668499340699,3664.6902299909875
2024-05-21T23:30:00Z,0,0,0,60.53668499340699,8.691859869105993,60.53668499340699,3664.6902299909875
2024-05-21T23:45:00Z,0,0,0,60.53668499340699,8.691859869105993,60.53668499340699,3664.6902299909875
